--菜单初始数据
Insert into BACK_MENU (`back_menu_id`,`menu_name`,`menu_url`,`create_time`,`is_valid`,`remark`) values (2,'出库管理','/fruit/back/outRepostory.do','2016-11-22 16:11:02.0','Y',null);
Insert into BACK_MENU (`back_menu_id`,`menu_name`,`menu_url`,`create_time`,`is_valid`,`remark`) values (3,'出库管理','/fruit/back/outRepostory.do','2016-11-22 16:45:28.0','Y',null);
Insert into BACK_MENU (`back_menu_id`,`menu_name`,`menu_url`,`create_time`,`is_valid`,`remark`) values (4,'出库管理','/fruit/back/outRepostory.do','2016-11-22 16:45:36.0','Y',null);
Insert into BACK_MENU (`back_menu_id`,`menu_name`,`menu_url`,`create_time`,`is_valid`,`remark`) values (5,'出库管理','/fruit/back/outRepostory.do','2016-11-22 16:46:31.0','Y',null);
Insert into BACK_MENU (`back_menu_id`,`menu_name`,`menu_url`,`create_time`,`is_valid`,`remark`) values (6,'菜单管理','/fruit/back/menuController/toAddMenu.do','2016-11-22 17:04:25.0','Y',null);
Insert into BACK_MENU (`back_menu_id`,`menu_name`,`menu_url`,`create_time`,`is_valid`,`remark`) values (7,'权限分配','/fruit/back/menuController/toAuthority.do','2016-11-22 17:05:01.0','Y',null);
Insert into BACK_MENU (`back_menu_id`,`menu_name`,`menu_url`,`create_time`,`is_valid`,`remark`) values (8,'出库管理','/fruit/back/storeController/outStore.do','2016-11-22 17:18:31.0','Y',null);
Insert into BACK_MENU (`back_menu_id`,`menu_name`,`menu_url`,`create_time`,`is_valid`,`remark`) values (9,'入库管理','/fruit/back/storeController/inStore.do','2016-11-22 17:18:58.0','Y',null);
Insert into BACK_MENU (`back_menu_id`,`menu_name`,`menu_url`,`create_time`,`is_valid`,`remark`) values (10,'仓库管理','/fruit/back/storeController/toAddRepostory.do','2016-11-23 10:09:12.0','Y',null);
Insert into BACK_MENU (`back_menu_id`,`menu_name`,`menu_url`,`create_time`,`is_valid`,`remark`) values (11,'供应商管理','/fruit/back/supplierController/toSupplier.do','2016-11-23 11:03:06.0','Y',null);
Insert into BACK_MENU (`back_menu_id`,`menu_name`,`menu_url`,`create_time`,`is_valid`,`remark`) values (12,'员工管理','/fruit//back/employee/toRegister.do','2016-11-23 11:27:14.0','Y',null);
Insert into BACK_MENU (`back_menu_id`,`menu_name`,`menu_url`,`create_time`,`is_valid`,`remark`) values (14,'采购管理','/fruit//back/purchaseController/purchase.do','2016-11-23 15:10:06.0','Y',null);
Insert into BACK_MENU (`back_menu_id`,`menu_name`,`menu_url`,`create_time`,`is_valid`,`remark`) values (15,'商品管理','/fruit/back/goodsManagement/goodsList.do','2016-11-24 09:31:21.0','Y',null);
Insert into BACK_MENU (`back_menu_id`,`menu_name`,`menu_url`,`create_time`,`is_valid`,`remark`) values (16,'商品上架','/fruit/back/goodsManagement/goodsup.do','2016-11-24 09:31:54.0','Y',null);

--菜单权限初始数据
Insert into MENU_AUTHORITY (`menu_authority_id`,`back_menu_id`,`role`,`create_time`,`is_valid`,`remark`) values (2,6,0,'2016-11-22 17:05:14.0','Y',null);
Insert into MENU_AUTHORITY (`menu_authority_id`,`back_menu_id`,`role`,`create_time`,`is_valid`,`remark`) values (3,7,0,'2016-11-22 17:05:17.0','Y',null);
Insert into MENU_AUTHORITY (`menu_authority_id`,`back_menu_id`,`role`,`create_time`,`is_valid`,`remark`) values (4,8,0,'2016-11-22 17:19:22.0','Y',null);
Insert into MENU_AUTHORITY (`menu_authority_id`,`back_menu_id`,`role`,`create_time`,`is_valid`,`remark`) values (5,9,0,'2016-11-22 17:19:26.0','Y',null);
Insert into MENU_AUTHORITY (`menu_authority_id`,`back_menu_id`,`role`,`create_time`,`is_valid`,`remark`) values (6,10,0,'2016-11-23 10:09:20.0','Y',null);
Insert into MENU_AUTHORITY (`menu_authority_id`,`back_menu_id`,`role`,`create_time`,`is_valid`,`remark`) values (7,11,0,'2016-11-23 11:03:14.0','Y',null);
Insert into MENU_AUTHORITY (`menu_authority_id`,`back_menu_id`,`role`,`create_time`,`is_valid`,`remark`) values (8,12,0,'2016-11-23 11:27:21.0','Y',null);
Insert into MENU_AUTHORITY (`menu_authority_id`,`back_menu_id`,`role`,`create_time`,`is_valid`,`remark`) values (9,14,0,'2016-11-23 15:10:12.0','Y',null);
Insert into MENU_AUTHORITY (`menu_authority_id`,`back_menu_id`,`role`,`create_time`,`is_valid`,`remark`) values (10,8,3,'2016-11-23 15:35:39.0','Y',null);
Insert into MENU_AUTHORITY (`menu_authority_id`,`back_menu_id`,`role`,`create_time`,`is_valid`,`remark`) values (11,9,3,'2016-11-23 15:36:02.0','Y',null);
Insert into MENU_AUTHORITY (`menu_authority_id`,`back_menu_id`,`role`,`create_time`,`is_valid`,`remark`) values (12,14,4,'2016-11-23 15:36:09.0','Y',null);
Insert into MENU_AUTHORITY (`menu_authority_id`,`back_menu_id`,`role`,`create_time`,`is_valid`,`remark`) values (13,15,0,'2016-11-24 09:32:05.0','Y',null);
Insert into MENU_AUTHORITY (`menu_authority_id`,`back_menu_id`,`role`,`create_time`,`is_valid`,`remark`) values (14,16,0,'2016-11-24 09:32:13.0','Y',null);
Insert into MENU_AUTHORITY (`menu_authority_id`,`back_menu_id`,`role`,`create_time`,`is_valid`,`remark`) values (15,15,1,'2016-11-24 09:32:22.0','Y',null);
Insert into MENU_AUTHORITY (`menu_authority_id`,`back_menu_id`,`role`,`create_time`,`is_valid`,`remark`) values (16,16,1,'2016-11-24 09:32:31.0','Y',null);

--消费者初始数据
Insert into CUSTOMER (`customer_id`,`customer_no`,`login_name`,`password`,`safety_factor`,`real_name`,`nick_name`,`mobile_number`,`email`,`gender`,`qq`,`wechat`,`birthday`,`image_url`,`vip_level`,`create_time`,`update_time`,`last_login_time`,`is_valid`,`costomer_status`,`remark`) values (1,'1586603eee58d64f099053e1b45a6af0','danny','fVssTooHg3DOWWMS2GLbMw==','_-','danny','danny','18016388888','18016388888@163.com',null,null,null,null,null,0,'2016-11-15 11:24:43.0',null,null,'Y',1,null);
Insert into CUSTOMER (`customer_id`,`customer_no`,`login_name`,`password`,`safety_factor`,`real_name`,`nick_name`,`mobile_number`,`email`,`gender`,`qq`,`wechat`,`birthday`,`image_url`,`vip_level`,`create_time`,`update_time`,`last_login_time`,`is_valid`,`costomer_status`,`remark`) values (2,'158661e5f799edff285b3e0fcfa93474','huoqiang','6ZOYA5lZKsHk5VP497TV7g==','j;nni','huo','danny','18016389312','abc@163.com',null,null,null,null,null,0,'2016-11-15 11:53:36.0',null,null,'Y',1,null);
Insert into CUSTOMER (`customer_id`,`customer_no`,`login_name`,`password`,`safety_factor`,`real_name`,`nick_name`,`mobile_number`,`email`,`gender`,`qq`,`wechat`,`birthday`,`image_url`,`vip_level`,`create_time`,`update_time`,`last_login_time`,`is_valid`,`costomer_status`,`remark`) values (4,'15866b8de83902d11c616e3648e59255','tomy','5zlZOexnty95EpKBfnRelw==','\a=','小明','nick name','13855469582','yieyou@163.com',null,null,null,null,null,0,'2016-11-15 14:42:21.0',null,null,'Y',1,null);
Insert into CUSTOMER (`customer_id`,`customer_no`,`login_name`,`password`,`safety_factor`,`real_name`,`nick_name`,`mobile_number`,`email`,`gender`,`qq`,`wechat`,`birthday`,`image_url`,`vip_level`,`create_time`,`update_time`,`last_login_time`,`is_valid`,`costomer_status`,`remark`) values (5,'15867e7659980488bcd8b0d0a9b78d18','张小五','v21sgZ7JdbBDrsUCFnw9FQ==',''')}','111','11','18016389312','abc@163.com',null,null,null,null,null,0,'2016-11-15 20:12:47.0',null,null,'Y',1,null);
Insert into CUSTOMER (`customer_id`,`customer_no`,`login_name`,`password`,`safety_factor`,`real_name`,`nick_name`,`mobile_number`,`email`,`gender`,`qq`,`wechat`,`birthday`,`image_url`,`vip_level`,`create_time`,`update_time`,`last_login_time`,`is_valid`,`costomer_status`,`remark`) values (6,'1586d48315839a4cb0402ddf466b2f0f','霍强','7t3SinWDMikva/wSI4ZStA==','*{W','霍强','强','18016388888','18016388888@163.com',null,null,null,null,null,0,'2016-11-16 21:16:37.0',null,null,'Y',1,null);
Insert into CUSTOMER (`customer_id`,`customer_no`,`login_name`,`password`,`safety_factor`,`real_name`,`nick_name`,`mobile_number`,`email`,`gender`,`qq`,`wechat`,`birthday`,`image_url`,`vip_level`,`create_time`,`update_time`,`last_login_time`,`is_valid`,`costomer_status`,`remark`) values (7,'1588f2f3241e90463be35cf7440b2819','小水果','4PS9rs6syVOa+Ur/3letlw==','(Tgw','霍强','danny','18016388888','javatech@163.com',null,null,null,null,null,0,'2016-11-23 11:16:24.0',null,null,'Y',1,null);

--收货地址初始数据
Insert into DELIVERY_ADDRESS (`address_id`,`address_alias`,`customer_id`,`mobile_number`,`areacode`,`phone_number`,`consignee`,`province`,`city`,`county`,`address`,`postcode`,`is_valid`,`create_time`,`update_time`) values (1,'公司',6,'18016388888','021','32689999','霍先生','上海','上海','普陀','中江路302弄68号','230010','Y','2016-11-20 17:07:27.0',null);
Insert into DELIVERY_ADDRESS (`address_id`,`address_alias`,`customer_id`,`mobile_number`,`areacode`,`phone_number`,`consignee`,`province`,`city`,`county`,`address`,`postcode`,`is_valid`,`create_time`,`update_time`) values (2,'家',6,'18016388888','021','32689999','霍先生','上海','上海','长宁','虹桥路8号','230110','Y','2016-11-21 17:12:43.0',null);

--员工初始数据
Insert into EMPLOYEE (`employee_id`,`login_name`,`password`,`real_name`,`gender`,`birthday`,`dept`,`position`,`rank`,`monthly_pay`,`hired_date`,`hire_year`,`employee_status`,`role`,`create_time`,`is_valid`,`remark`) values (11,'采购员','lueSGJZetyySpUndWjMBEg==','霍强',null,null,'5',null,null,null,null,null,2,4,'2016-11-25 16:26:05.0','Y',null);
Insert into EMPLOYEE (`employee_id`,`login_name`,`password`,`real_name`,`gender`,`birthday`,`dept`,`position`,`rank`,`monthly_pay`,`hired_date`,`hire_year`,`employee_status`,`role`,`create_time`,`is_valid`,`remark`) values (12,'仓管员','lueSGJZetyySpUndWjMBEg==','霍强',null,null,'4',null,null,null,null,null,2,3,'2016-11-25 16:26:34.0','Y',null);
Insert into EMPLOYEE (`employee_id`,`login_name`,`password`,`real_name`,`gender`,`birthday`,`dept`,`position`,`rank`,`monthly_pay`,`hired_date`,`hire_year`,`employee_status`,`role`,`create_time`,`is_valid`,`remark`) values (13,'admin','lueSGJZetyySpUndWjMBEg==','霍强',null,null,'0',null,null,null,null,null,2,0,'2016-11-25 16:27:04.0','Y',null);
Insert into EMPLOYEE (`employee_id`,`login_name`,`password`,`real_name`,`gender`,`birthday`,`dept`,`position`,`rank`,`monthly_pay`,`hired_date`,`hire_year`,`employee_status`,`role`,`create_time`,`is_valid`,`remark`) values (14,'接单员','lueSGJZetyySpUndWjMBEg==','霍强',null,null,'3',null,null,null,null,null,2,2,'2016-11-25 16:27:40.0','Y',null);
Insert into EMPLOYEE (`employee_id`,`login_name`,`password`,`real_name`,`gender`,`birthday`,`dept`,`position`,`rank`,`monthly_pay`,`hired_date`,`hire_year`,`employee_status`,`role`,`create_time`,`is_valid`,`remark`) values (15,'运营专员','lueSGJZetyySpUndWjMBEg==','霍强',null,null,'1',null,null,null,null,null,2,1,'2016-11-25 16:34:04.0','Y',null);
Insert into EMPLOYEE (`employee_id`,`login_name`,`password`,`real_name`,`gender`,`birthday`,`dept`,`position`,`rank`,`monthly_pay`,`hired_date`,`hire_year`,`employee_status`,`role`,`create_time`,`is_valid`,`remark`) values (16,'霍强','lueSGJZetyySpUndWjMBEg==','霍强',null,null,'0',null,null,null,null,null,2,0,'2016-11-25 16:36:19.0','Y',null);

--商品初始数据
Insert into goods (`goods_type_id`,`goods_id`,`goods_name`,`producing_area`,`market_price`,`sell_price`,`description`,`goods_image_url`,`tag`,`goods_category`,`employee_id`,`goods_status`,`putaway_time`,`sold_out_time`,`create_time`,`remark`) values (11,6,'Zespri佳沛新西兰有机绿奇异果6个82-105g个','新西兰',360000,355000,'进口新鲜水果','1586d19031b094ba.jpg','进口',1,1,1,null,null,'2016-11-16 20:25:05.0','');
Insert into goods (`goods_type_id`,`goods_id`,`goods_name`,`producing_area`,`market_price`,`sell_price`,`description`,`goods_image_url`,`tag`,`goods_category`,`employee_id`,`goods_status`,`putaway_time`,`sold_out_time`,`create_time`,`remark`) values (10,7,'台湾麻豆文旦柚4个320g以上个','台湾',760000,750000,'进口','1586d19f613a96e4.jpg','特价',1,1,1,null,null,'2016-11-16 20:26:07.0','');
Insert into goods (`goods_type_id`,`goods_id`,`goods_name`,`producing_area`,`market_price`,`sell_price`,`description`,`goods_image_url`,`tag`,`goods_category`,`employee_id`,`goods_status`,`putaway_time`,`sold_out_time`,`create_time`,`remark`) values (12,8,'台湾黑珍珠莲雾500g','台湾',390000,380000,'新鲜','1586d1a8908e8661.jpg','进口',1,1,1,null,null,'2016-11-16 20:26:45.0','');
Insert into goods (`goods_type_id`,`goods_id`,`goods_name`,`producing_area`,`market_price`,`sell_price`,`description`,`goods_image_url`,`tag`,`goods_category`,`employee_id`,`goods_status`,`putaway_time`,`sold_out_time`,`create_time`,`remark`) values (10,9,'哈尼福建蜜柚双拼(红心+白心)礼盒装约1.2kg个','福建',590000,580000,'新鲜','1586d1b2db677b15.jpg','特价',1,1,0,null,null,'2016-11-16 20:27:27.0','');
Insert into goods (`goods_type_id`,`goods_id`,`goods_name`,`producing_area`,`market_price`,`sell_price`,`description`,`goods_image_url`,`tag`,`goods_category`,`employee_id`,`goods_status`,`putaway_time`,`sold_out_time`,`create_time`,`remark`) values (10,10,'哈尼福建蜜柚双拼(红心+白心)礼盒装约1.2kg个','福建',590000,580000,'新鲜','1586d1bec90d4ba9.jpg','特价',2,1,1,null,null,'2016-11-16 20:28:16.0','');
Insert into goods (`goods_type_id`,`goods_id`,`goods_name`,`producing_area`,`market_price`,`sell_price`,`description`,`goods_image_url`,`tag`,`goods_category`,`employee_id`,`goods_status`,`putaway_time`,`sold_out_time`,`create_time`,`remark`) values (13,11,'山东南水梨4个380g以上个','山东',500000,450000,'新鲜','1586d1cdcf197cc9.jpg','特价',2,1,1,null,null,'2016-11-16 20:29:17.0','');
Insert into goods (`goods_type_id`,`goods_id`,`goods_name`,`producing_area`,`market_price`,`sell_price`,`description`,`goods_image_url`,`tag`,`goods_category`,`employee_id`,`goods_status`,`putaway_time`,`sold_out_time`,`create_time`,`remark`) values (14,12,'山东沾化冬枣2kg10g以上个','山东',390000,390000,'新鲜','1586d1d8d7f97c46.jpg','特价',2,1,1,null,null,'2016-11-16 20:30:03.0','');
Insert into goods (`goods_type_id`,`goods_id`,`goods_name`,`producing_area`,`market_price`,`sell_price`,`description`,`goods_image_url`,`tag`,`goods_category`,`employee_id`,`goods_status`,`putaway_time`,`sold_out_time`,`create_time`,`remark`) values (2,13,'山东蓬莱精品红富士2.5kg果径80-85mm','山东蓬莱',580000,560000,'新鲜','1586d1e43207ff59.jpg','特价',2,1,1,null,null,'2016-11-16 20:30:49.0','');
Insert into goods (`goods_type_id`,`goods_id`,`goods_name`,`producing_area`,`market_price`,`sell_price`,`description`,`goods_image_url`,`tag`,`goods_category`,`employee_id`,`goods_status`,`putaway_time`,`sold_out_time`,`create_time`,`remark`) values (7,14,'山东金秋红蜜桃4个180g以上个','山东',360000,330000,'新鲜','1586d1f28710fb0a.jpg','特价',6,1,1,null,null,'2016-11-16 20:31:48.0','');
Insert into goods (`goods_type_id`,`goods_id`,`goods_name`,`producing_area`,`market_price`,`sell_price`,`description`,`goods_image_url`,`tag`,`goods_category`,`employee_id`,`goods_status`,`putaway_time`,`sold_out_time`,`create_time`,`remark`) values (3,15,'常瀛国产呀咪香蕉10根切割蕉','常瀛',150000,150000,'新鲜','1586d1ff719287af.jpg','特价',2,1,1,null,null,'2016-11-16 20:32:41.0','');
Insert into goods (`goods_type_id`,`goods_id`,`goods_name`,`producing_area`,`market_price`,`sell_price`,`description`,`goods_image_url`,`tag`,`goods_category`,`employee_id`,`goods_status`,`putaway_time`,`sold_out_time`,`create_time`,`remark`) values (6,16,'广东麒麟瓜2个2.5kg以上个','广东',680000,680000,'新鲜','1586d20bb0f19f04.jpg','特价',2,1,1,null,null,'2016-11-16 20:33:31.0','');
Insert into goods (`goods_type_id`,`goods_id`,`goods_name`,`producing_area`,`market_price`,`sell_price`,`description`,`goods_image_url`,`tag`,`goods_category`,`employee_id`,`goods_status`,`putaway_time`,`sold_out_time`,`create_time`,`remark`) values (15,17,'广西小青芒2.5kg约150g个','广西',500000,460000,'新鲜','1586d21c5076cc95.jpg','特价',7,1,1,null,null,'2016-11-16 20:34:39.0','');
Insert into goods (`goods_type_id`,`goods_id`,`goods_name`,`producing_area`,`market_price`,`sell_price`,`description`,`goods_image_url`,`tag`,`goods_category`,`employee_id`,`goods_status`,`putaway_time`,`sold_out_time`,`create_time`,`remark`) values (16,18,'广西脆柿1kg约120g个','广西',260000,210000,'新鲜','1586d22510791886.jpg','特价',7,1,1,null,null,'2016-11-16 20:35:15.0','');
Insert into goods (`goods_type_id`,`goods_id`,`goods_name`,`producing_area`,`market_price`,`sell_price`,`description`,`goods_image_url`,`tag`,`goods_category`,`employee_id`,`goods_status`,`putaway_time`,`sold_out_time`,`create_time`,`remark`) values (15,19,'广西高乐蜜甜芒果1.5kg200g个以上','广西',260000,240000,'新鲜','1586d22f4a0c8243.jpg','特价',6,1,1,null,null,'2016-11-16 20:35:57.0','');
Insert into goods (`goods_type_id`,`goods_id`,`goods_name`,`producing_area`,`market_price`,`sell_price`,`description`,`goods_image_url`,`tag`,`goods_category`,`employee_id`,`goods_status`,`putaway_time`,`sold_out_time`,`create_time`,`remark`) values (17,20,'广西黄金百香果4个','广西',230000,200000,'新鲜','1586d23e2327c0fd.jpg','特价',7,1,1,null,null,'2016-11-16 20:36:58.0','');
Insert into goods (`goods_type_id`,`goods_id`,`goods_name`,`producing_area`,`market_price`,`sell_price`,`description`,`goods_image_url`,`tag`,`goods_category`,`employee_id`,`goods_status`,`putaway_time`,`sold_out_time`,`create_time`,`remark`) values (13,21,'新疆库尔勒香梨3kg100g以上个','新疆',560000,520000,'新鲜','1586d24a81d5b020.jpg','特价',6,1,1,null,null,'2016-11-16 20:37:48.0','');
Insert into goods (`goods_type_id`,`goods_id`,`goods_name`,`producing_area`,`market_price`,`sell_price`,`description`,`goods_image_url`,`tag`,`goods_category`,`employee_id`,`goods_status`,`putaway_time`,`sold_out_time`,`create_time`,`remark`) values (1,22,'新疆王林苹果1kg果径70mm以上','新疆',300000,290000,'新鲜','1586d254ce1538f9.jpg','特价',6,1,1,null,null,'2016-11-16 20:38:30.0','');
Insert into goods (`goods_type_id`,`goods_id`,`goods_name`,`producing_area`,`market_price`,`sell_price`,`description`,`goods_image_url`,`tag`,`goods_category`,`employee_id`,`goods_status`,`putaway_time`,`sold_out_time`,`create_time`,`remark`) values (21,23,'新疆红提2kg','新疆',500000,420000,'新鲜','1586d2649d794ac4.jpg','特价',3,1,1,null,null,'2016-11-16 20:39:35.0','');
Insert into goods (`goods_type_id`,`goods_id`,`goods_name`,`producing_area`,`market_price`,`sell_price`,`description`,`goods_image_url`,`tag`,`goods_category`,`employee_id`,`goods_status`,`putaway_time`,`sold_out_time`,`create_time`,`remark`) values (9,24,'智利红樱桃2kg果径26-28mm','智利',2680000,2380000,'进口','1586d277b2b7e923.jpg','特价',3,1,1,null,null,'2016-11-16 20:40:53.0','');
Insert into goods (`goods_type_id`,`goods_id`,`goods_name`,`producing_area`,`market_price`,`sell_price`,`description`,`goods_image_url`,`tag`,`goods_category`,`employee_id`,`goods_status`,`putaway_time`,`sold_out_time`,`create_time`,`remark`) values (1,25,'智利青苹果12个约135g个','智利',650000,620000,'新鲜','1586d281d76c7fe8.jpg','进口',7,1,1,null,null,'2016-11-16 20:41:35.0','');
Insert into goods (`goods_type_id`,`goods_id`,`goods_name`,`producing_area`,`market_price`,`sell_price`,`description`,`goods_image_url`,`tag`,`goods_category`,`employee_id`,`goods_status`,`putaway_time`,`sold_out_time`,`create_time`,`remark`) values (13,26,'河北皇冠梨4个约200g-300g个','河北',128000,118000,'新鲜','1586d28c48246a33.jpg','特价',7,1,1,null,null,'2016-11-16 20:42:18.0','');
Insert into goods (`goods_type_id`,`goods_id`,`goods_name`,`producing_area`,`market_price`,`sell_price`,`description`,`goods_image_url`,`tag`,`goods_category`,`employee_id`,`goods_status`,`putaway_time`,`sold_out_time`,`create_time`,`remark`) values (19,27,'河南荥阳突尼斯软籽石榴4个300g个以上','河南',580000,524000,'新鲜','1586d2985cad8990.jpg','特价',6,1,1,null,null,'2016-11-16 20:43:07.0','');
Insert into goods (`goods_type_id`,`goods_id`,`goods_name`,`producing_area`,`market_price`,`sell_price`,`description`,`goods_image_url`,`tag`,`goods_category`,`employee_id`,`goods_status`,`putaway_time`,`sold_out_time`,`create_time`,`remark`) values (23,28,'泰国精选椰青4个','泰国',690000,630000,'进口','1586d2a2fbf278a7.jpg','进口',1,1,1,null,null,'2016-11-16 20:43:51.0','');
Insert into goods (`goods_type_id`,`goods_id`,`goods_name`,`producing_area`,`market_price`,`sell_price`,`description`,`goods_image_url`,`tag`,`goods_category`,`employee_id`,`goods_status`,`putaway_time`,`sold_out_time`,`create_time`,`remark`) values (18,29,'海南树上熟木瓜5kg（约450g个）','海南',890000,880000,'新鲜','1586d2ad26242dba.jpg','特价',6,1,1,null,null,'2016-11-16 20:44:32.0','');
Insert into goods (`goods_type_id`,`goods_id`,`goods_name`,`producing_area`,`market_price`,`sell_price`,`description`,`goods_image_url`,`tag`,`goods_category`,`employee_id`,`goods_status`,`putaway_time`,`sold_out_time`,`create_time`,`remark`) values (20,30,'海南西州蜜瓜1个1.5kg以上个','海南',280000,260000,'新鲜','1586d2b6969410fb.jpg','特价',4,1,1,null,null,'2016-11-16 20:45:11.0','');
Insert into goods (`goods_type_id`,`goods_id`,`goods_name`,`producing_area`,`market_price`,`sell_price`,`description`,`goods_image_url`,`tag`,`goods_category`,`employee_id`,`goods_status`,`putaway_time`,`sold_out_time`,`create_time`,`remark`) values (13,31,'海南金钻凤梨2个约1kg个','海南',690000,660000,'新鲜','1586d2c61a15f7e7.jpg','特价',2,1,1,null,null,'2016-11-16 20:46:14.0','');
Insert into goods (`goods_type_id`,`goods_id`,`goods_name`,`producing_area`,`market_price`,`sell_price`,`description`,`goods_image_url`,`tag`,`goods_category`,`employee_id`,`goods_status`,`putaway_time`,`sold_out_time`,`create_time`,`remark`) values (1,32,'甘肃黄蕉苹果3kg170g个，+-10g','甘肃',700000,680000,'新鲜','1586d2ceca90d7fd.jpg','特价',7,1,1,null,null,'2016-11-16 20:46:50.0','');
Insert into goods (`goods_type_id`,`goods_id`,`goods_name`,`producing_area`,`market_price`,`sell_price`,`description`,`goods_image_url`,`tag`,`goods_category`,`employee_id`,`goods_status`,`putaway_time`,`sold_out_time`,`create_time`,`remark`) values (10,33,'福建平和黄心蜜柚1个约1.1kg个','福建',280000,220000,'新鲜','1586d2d882b8d891.jpg','特价',5,1,1,null,null,'2016-11-16 20:47:30.0','');
Insert into goods (`goods_type_id`,`goods_id`,`goods_name`,`producing_area`,`market_price`,`sell_price`,`description`,`goods_image_url`,`tag`,`goods_category`,`employee_id`,`goods_status`,`putaway_time`,`sold_out_time`,`create_time`,`remark`) values (21,34,'美国Moon Drops无籽黑提2kg','美国',1690000,1650000,'进口','1586d2e2c90eb932.jpg','特价',3,1,1,null,null,'2016-11-16 20:48:12.0','');
Insert into goods (`goods_type_id`,`goods_id`,`goods_name`,`producing_area`,`market_price`,`sell_price`,`description`,`goods_image_url`,`tag`,`goods_category`,`employee_id`,`goods_status`,`putaway_time`,`sold_out_time`,`create_time`,`remark`) values (13,35,'美国红啤梨12个约210g个','美国',1280000,1260000,'新鲜','1586d2ec5527685a.jpg','进口',7,1,1,null,null,'2016-11-16 20:48:51.0','');
Insert into goods (`goods_type_id`,`goods_id`,`goods_name`,`producing_area`,`market_price`,`sell_price`,`description`,`goods_image_url`,`tag`,`goods_category`,`employee_id`,`goods_status`,`putaway_time`,`sold_out_time`,`create_time`,`remark`) values (1,36,'美国红蛇果8个装（约190g个）','美国',360000,330000,'新鲜','1586d2f3ce182812.jpg','进口',1,1,1,null,null,'2016-11-16 20:49:22.0','');
Insert into goods (`goods_type_id`,`goods_id`,`goods_name`,`producing_area`,`market_price`,`sell_price`,`description`,`goods_image_url`,`tag`,`goods_category`,`employee_id`,`goods_status`,`putaway_time`,`sold_out_time`,`create_time`,`remark`) values (13,37,'美国青啤梨12个约210g个','美国',880000,850000,'进口','1586d2fc269acb06.jpg','进口',6,1,1,null,null,'2016-11-16 20:49:56.0','');
Insert into goods (`goods_type_id`,`goods_id`,`goods_name`,`producing_area`,`market_price`,`sell_price`,`description`,`goods_image_url`,`tag`,`goods_category`,`employee_id`,`goods_status`,`putaway_time`,`sold_out_time`,`create_time`,`remark`) values (22,38,'越南红心火龙果1kg(大果)约450g个','越南',580000,390000,'进口','1586d30647ab0064.jpg','特价',7,1,1,null,null,'2016-11-16 20:50:37.0','');
Insert into goods (`goods_type_id`,`goods_id`,`goods_name`,`producing_area`,`market_price`,`sell_price`,`description`,`goods_image_url`,`tag`,`goods_category`,`employee_id`,`goods_status`,`putaway_time`,`sold_out_time`,`create_time`,`remark`) values (11,39,'陕西徐香猕猴桃16个100-120g个','陕西',280000,230000,'新鲜','1586d30f0878ede6.jpg','特价',6,1,0,null,null,'2016-11-16 20:51:13.0','');
Insert into goods (`goods_type_id`,`goods_id`,`goods_name`,`producing_area`,`market_price`,`sell_price`,`description`,`goods_image_url`,`tag`,`goods_category`,`employee_id`,`goods_status`,`putaway_time`,`sold_out_time`,`create_time`,`remark`) values (10,40,'哈尼福建蜜柚双拼(红心+白心)礼盒装约5.2kg个','福建',1890000,1820000,'新鲜','1586d32a882697e3.jpg','特价',5,1,1,null,null,'2016-11-16 20:53:06.0','');
Insert into goods (`goods_type_id`,`goods_id`,`goods_name`,`producing_area`,`market_price`,`sell_price`,`description`,`goods_image_url`,`tag`,`goods_category`,`employee_id`,`goods_status`,`putaway_time`,`sold_out_time`,`create_time`,`remark`) values (10,41,'台湾麻豆文旦柚8个320g以上个','台湾',980000,970000,'新鲜','1586d33a05ca54d3.jpg','进口',5,1,1,null,null,'2016-11-16 20:54:09.0','');
Insert into goods (`goods_type_id`,`goods_id`,`goods_name`,`producing_area`,`market_price`,`sell_price`,`description`,`goods_image_url`,`tag`,`goods_category`,`employee_id`,`goods_status`,`putaway_time`,`sold_out_time`,`create_time`,`remark`) values (10,42,'福建平和黄心蜜柚4个约1.1kg个','福建',590000,560000,'新鲜','1586d348525eaf63.jpg','特价',5,1,1,null,null,'2016-11-16 20:55:08.0','');
Insert into goods (`goods_type_id`,`goods_id`,`goods_name`,`producing_area`,`market_price`,`sell_price`,`description`,`goods_image_url`,`tag`,`goods_category`,`employee_id`,`goods_status`,`putaway_time`,`sold_out_time`,`create_time`,`remark`) values (10,43,'台湾麻豆文旦柚6个320g以上个','台湾',760000,730000,'新鲜','1586d35ae133fd52.jpg','特价',5,1,1,null,null,'2016-11-16 20:56:24.0','');
Insert into goods (`goods_type_id`,`goods_id`,`goods_name`,`producing_area`,`market_price`,`sell_price`,`description`,`goods_image_url`,`tag`,`goods_category`,`employee_id`,`goods_status`,`putaway_time`,`sold_out_time`,`create_time`,`remark`) values (6,44,'广东麒麟瓜5个2.5kg以上个','广东',1280000,1260000,'新鲜','1586d3689fee12ae.jpg','特价',4,1,1,null,null,'2016-11-16 20:57:20.0','');
Insert into goods (`goods_type_id`,`goods_id`,`goods_name`,`producing_area`,`market_price`,`sell_price`,`description`,`goods_image_url`,`tag`,`goods_category`,`employee_id`,`goods_status`,`putaway_time`,`sold_out_time`,`create_time`,`remark`) values (18,45,'海南树上熟木瓜9kg（约450g个）','海南',1580000,1500000,'新鲜','1586d3745f02f792.jpg','特价',4,1,1,null,null,'2016-11-16 20:58:08.0','');
Insert into goods (`goods_type_id`,`goods_id`,`goods_name`,`producing_area`,`market_price`,`sell_price`,`description`,`goods_image_url`,`tag`,`goods_category`,`employee_id`,`goods_status`,`putaway_time`,`sold_out_time`,`create_time`,`remark`) values (18,46,'海南西州蜜瓜1个2.5kg以上个','海南',890000,835000,'新鲜','1586d38242296710.jpg','特价',4,1,1,null,null,'2016-11-16 20:59:05.0','');
Insert into goods (`goods_type_id`,`goods_id`,`goods_name`,`producing_area`,`market_price`,`sell_price`,`description`,`goods_image_url`,`tag`,`goods_category`,`employee_id`,`goods_status`,`putaway_time`,`sold_out_time`,`create_time`,`remark`) values (6,47,'广东麒麟瓜2个3.5kg以上个','广东',980000,965000,'新鲜','1586d390d7cfdd0a.jpg','特价',4,1,1,null,null,'2016-11-16 21:00:05.0','');
Insert into goods (`goods_type_id`,`goods_id`,`goods_name`,`producing_area`,`market_price`,`sell_price`,`description`,`goods_image_url`,`tag`,`goods_category`,`employee_id`,`goods_status`,`putaway_time`,`sold_out_time`,`create_time`,`remark`) values (21,48,'美国红提4kg','美国',1020000,1010000,'进口','1586d3a366a3de1e.jpg','特价',3,1,1,null,null,'2016-11-16 21:01:21.0','');
Insert into goods (`goods_type_id`,`goods_id`,`goods_name`,`producing_area`,`market_price`,`sell_price`,`description`,`goods_image_url`,`tag`,`goods_category`,`employee_id`,`goods_status`,`putaway_time`,`sold_out_time`,`create_time`,`remark`) values (21,49,'美国Moon Drops无籽黑提4kg','美国',3650000,3520000,'进口','1586d3ac4812d2d5.jpg','进口',5,1,1,null,null,'2016-11-16 21:01:57.0','');
Insert into goods (`goods_type_id`,`goods_id`,`goods_name`,`producing_area`,`market_price`,`sell_price`,`description`,`goods_image_url`,`tag`,`goods_category`,`employee_id`,`goods_status`,`putaway_time`,`sold_out_time`,`create_time`,`remark`) values (21,50,'美国Moon Drops无籽黑提6kg','美国',4500000,4430000,'新鲜','1586d3c022339d0f.jpg','进口',3,1,1,null,null,'2016-11-16 21:03:19.0','');

--水果品类初始数据
Insert into goods_type (`goods_type_id`,`goods_type_name`,`goods_category`,`create_time`,`remark`) values (1,'苹果',2,'2016-10-24 17:12:47.0',null);
Insert into goods_type (`goods_type_id`,`goods_type_name`,`goods_category`,`create_time`,`remark`) values (2,'苹果',2,'2016-10-24 17:12:56.0',null);
Insert into goods_type (`goods_type_id`,`goods_type_name`,`goods_category`,`create_time`,`remark`) values (3,'香蕉',2,'2016-10-24 17:14:14.0',null);
Insert into goods_type (`goods_type_id`,`goods_type_name`,`goods_category`,`create_time`,`remark`) values (4,'橘子',2,'2016-10-24 17:14:14.0',null);
Insert into goods_type (`goods_type_id`,`goods_type_name`,`goods_category`,`create_time`,`remark`) values (5,'草莓',2,'2016-10-24 17:14:14.0',null);
Insert into goods_type (`goods_type_id`,`goods_type_name`,`goods_category`,`create_time`,`remark`) values (6,'西瓜',2,'2016-10-24 17:14:14.0',null);
Insert into goods_type (`goods_type_id`,`goods_type_name`,`goods_category`,`create_time`,`remark`) values (7,'桃子',2,'2016-10-24 17:14:14.0',null);
Insert into goods_type (`goods_type_id`,`goods_type_name`,`goods_category`,`create_time`,`remark`) values (8,'李子',2,'2016-10-24 17:14:14.0',null);
Insert into goods_type (`goods_type_id`,`goods_type_name`,`goods_category`,`create_time`,`remark`) values (9,'杏子',2,'2016-10-24 17:14:14.0',null);
Insert into goods_type (`goods_type_id`,`goods_type_name`,`goods_category`,`create_time`,`remark`) values (10,'柚子',2,'2016-10-24 17:14:14.0',null);
Insert into goods_type (`goods_type_id`,`goods_type_name`,`goods_category`,`create_time`,`remark`) values (11,'奇异果',1,'2016-11-16 20:16:40.0',null);
Insert into goods_type (`goods_type_id`,`goods_type_name`,`goods_category`,`create_time`,`remark`) values (12,'莲雾',1,'2016-11-16 20:24:04.0',null);
Insert into goods_type (`goods_type_id`,`goods_type_name`,`goods_category`,`create_time`,`remark`) values (13,'梨',2,'2016-11-16 20:24:04.0',null);
Insert into goods_type (`goods_type_id`,`goods_type_name`,`goods_category`,`create_time`,`remark`) values (14,'枣',2,'2016-11-16 20:24:04.0',null);
Insert into goods_type (`goods_type_id`,`goods_type_name`,`goods_category`,`create_time`,`remark`) values (15,'芒果',1,'2016-11-16 20:24:05.0',null);
Insert into goods_type (`goods_type_id`,`goods_type_name`,`goods_category`,`create_time`,`remark`) values (16,'柿子',2,'2016-11-16 20:24:05.0',null);
Insert into goods_type (`goods_type_id`,`goods_type_name`,`goods_category`,`create_time`,`remark`) values (17,'百香果',2,'2016-11-16 20:24:05.0',null);
Insert into goods_type (`goods_type_id`,`goods_type_name`,`goods_category`,`create_time`,`remark`) values (18,'木瓜',2,'2016-11-16 20:24:05.0',null);
Insert into goods_type (`goods_type_id`,`goods_type_name`,`goods_category`,`create_time`,`remark`) values (19,'石榴',1,'2016-11-16 20:24:05.0',null);
Insert into goods_type (`goods_type_id`,`goods_type_name`,`goods_category`,`create_time`,`remark`) values (20,'哈密瓜',1,'2016-11-16 20:24:05.0',null);
Insert into goods_type (`goods_type_id`,`goods_type_name`,`goods_category`,`create_time`,`remark`) values (21,'黑提',1,'2016-11-16 20:24:05.0',null);
Insert into goods_type (`goods_type_id`,`goods_type_name`,`goods_category`,`create_time`,`remark`) values (22,'火龙果',1,'2016-11-16 20:24:05.0',null);
Insert into goods_type (`goods_type_id`,`goods_type_name`,`goods_category`,`create_time`,`remark`) values (23,'椰子',1,'2016-11-16 20:24:05.0',null);

--仓库初始数据
Insert into REPOSTORY (`repostory_id`,`repostory_name`,`repostory_area`,`repostory_province`,`repostory_city`,`repostory_county`,`repostory_address`,`repostory_acreage`,`employee_id`,`start_using_date`,`create_time`,`remark`) values (1,'上海1号仓库','0','上海','上海','长宁','天山路8号',3456,1,'2016-11-23','2016-11-23 10:17:00.0',null);
Insert into REPOSTORY (`repostory_id`,`repostory_name`,`repostory_area`,`repostory_province`,`repostory_city`,`repostory_county`,`repostory_address`,`repostory_acreage`,`employee_id`,`start_using_date`,`create_time`,`remark`) values (2,'上海2号仓库','0','上海','上海','长宁','天山西路8号',3456,2,'2016-11-23','2016-11-23 10:20:29.0','测试仓库');

--供应商初始数据
Insert into SUPPLIER (`supplier_id`,`supplier_name`,`address`,`contacts_name`,`contacts_phone`,`contacts_mobile`,`supplier_category`,`employee_id`,`create_time`,`remark`) values (1,'陕西红富士果园','宝鸡市','张红富',null,'18910332266',null,4,'2016-11-23 14:16:24.0','测试供应商');
Insert into SUPPLIER (`supplier_id`,`supplier_name`,`address`,`contacts_name`,`contacts_phone`,`contacts_mobile`,`supplier_category`,`employee_id`,`create_time`,`remark`) values (2,'湖北西瓜庄园','武汉','刘瓜瓜',null,'18910332266',null,4,'2016-11-23 14:16:24.0','测试供应商1');


--采购单初始数据
Insert into PURCHASE_ORDER (`purchase_order_id`,`purchase_order_name`,`employee_id`,`supplier_id`,`create_time`,`supply_time`,`remark`) values (1,'上线初次采购',13,1,'2016-11-25 17:22:46.0','2016-11-25 17:22:46.0',null);

--采购明细初始数据
Insert into PURCHASE_ORDER_DETAIL (`purchase_order_detail_id`,`purchase_order_id`,`goods_id`,`quantity`,`create_time`,`repostory_id`,`status`,`supply_time`,`remark`) values (1,1,7,'100','2016-11-25 17:22:46.0',1,1,null,null);
Insert into PURCHASE_ORDER_DETAIL (`purchase_order_detail_id`,`purchase_order_id`,`goods_id`,`quantity`,`create_time`,`repostory_id`,`status`,`supply_time`,`remark`) values (2,1,8,'100','2016-11-25 17:22:46.0',1,1,null,null);
Insert into PURCHASE_ORDER_DETAIL (`purchase_order_detail_id`,`purchase_order_id`,`goods_id`,`quantity`,`create_time`,`repostory_id`,`status`,`supply_time`,`remark`) values (3,1,9,'100','2016-11-25 17:22:46.0',1,1,null,null);
Insert into PURCHASE_ORDER_DETAIL (`purchase_order_detail_id`,`purchase_order_id`,`goods_id`,`quantity`,`create_time`,`repostory_id`,`status`,`supply_time`,`remark`) values (4,1,10,'100','2016-11-25 17:22:46.0',1,1,null,null);
Insert into PURCHASE_ORDER_DETAIL (`purchase_order_detail_id`,`purchase_order_id`,`goods_id`,`quantity`,`create_time`,`repostory_id`,`status`,`supply_time`,`remark`) values (5,1,11,'100','2016-11-25 17:22:46.0',1,1,null,null);
Insert into PURCHASE_ORDER_DETAIL (`purchase_order_detail_id`,`purchase_order_id`,`goods_id`,`quantity`,`create_time`,`repostory_id`,`status`,`supply_time`,`remark`) values (6,1,12,'100','2016-11-25 17:22:46.0',1,1,null,null);
Insert into PURCHASE_ORDER_DETAIL (`purchase_order_detail_id`,`purchase_order_id`,`goods_id`,`quantity`,`create_time`,`repostory_id`,`status`,`supply_time`,`remark`) values (7,1,13,'100','2016-11-25 17:22:46.0',1,1,null,null);
Insert into PURCHASE_ORDER_DETAIL (`purchase_order_detail_id`,`purchase_order_id`,`goods_id`,`quantity`,`create_time`,`repostory_id`,`status`,`supply_time`,`remark`) values (8,1,14,'100','2016-11-25 17:22:46.0',1,1,null,null);
Insert into PURCHASE_ORDER_DETAIL (`purchase_order_detail_id`,`purchase_order_id`,`goods_id`,`quantity`,`create_time`,`repostory_id`,`status`,`supply_time`,`remark`) values (9,1,15,'100','2016-11-25 17:22:46.0',1,1,null,null);
Insert into PURCHASE_ORDER_DETAIL (`purchase_order_detail_id`,`purchase_order_id`,`goods_id`,`quantity`,`create_time`,`repostory_id`,`status`,`supply_time`,`remark`) values (10,1,16,'100','2016-11-25 17:22:46.0',1,1,null,null);
Insert into PURCHASE_ORDER_DETAIL (`purchase_order_detail_id`,`purchase_order_id`,`goods_id`,`quantity`,`create_time`,`repostory_id`,`status`,`supply_time`,`remark`) values (11,1,17,'100','2016-11-25 17:22:46.0',1,1,null,null);
Insert into PURCHASE_ORDER_DETAIL (`purchase_order_detail_id`,`purchase_order_id`,`goods_id`,`quantity`,`create_time`,`repostory_id`,`status`,`supply_time`,`remark`) values (12,1,18,'100','2016-11-25 17:22:46.0',1,1,null,null);
Insert into PURCHASE_ORDER_DETAIL (`purchase_order_detail_id`,`purchase_order_id`,`goods_id`,`quantity`,`create_time`,`repostory_id`,`status`,`supply_time`,`remark`) values (13,1,19,'100','2016-11-25 17:22:46.0',1,1,null,null);
Insert into PURCHASE_ORDER_DETAIL (`purchase_order_detail_id`,`purchase_order_id`,`goods_id`,`quantity`,`create_time`,`repostory_id`,`status`,`supply_time`,`remark`) values (14,1,20,'100','2016-11-25 17:22:46.0',1,1,null,null);
Insert into PURCHASE_ORDER_DETAIL (`purchase_order_detail_id`,`purchase_order_id`,`goods_id`,`quantity`,`create_time`,`repostory_id`,`status`,`supply_time`,`remark`) values (15,1,21,'100','2016-11-25 17:22:46.0',1,1,null,null);
Insert into PURCHASE_ORDER_DETAIL (`purchase_order_detail_id`,`purchase_order_id`,`goods_id`,`quantity`,`create_time`,`repostory_id`,`status`,`supply_time`,`remark`) values (16,1,22,'100','2016-11-25 17:22:46.0',1,1,null,null);
Insert into PURCHASE_ORDER_DETAIL (`purchase_order_detail_id`,`purchase_order_id`,`goods_id`,`quantity`,`create_time`,`repostory_id`,`status`,`supply_time`,`remark`) values (17,1,23,'100','2016-11-25 17:22:46.0',1,1,null,null);
Insert into PURCHASE_ORDER_DETAIL (`purchase_order_detail_id`,`purchase_order_id`,`goods_id`,`quantity`,`create_time`,`repostory_id`,`status`,`supply_time`,`remark`) values (18,1,24,'100','2016-11-25 17:22:46.0',1,1,null,null);
Insert into PURCHASE_ORDER_DETAIL (`purchase_order_detail_id`,`purchase_order_id`,`goods_id`,`quantity`,`create_time`,`repostory_id`,`status`,`supply_time`,`remark`) values (19,1,25,'100','2016-11-25 17:22:46.0',1,1,null,null);
Insert into PURCHASE_ORDER_DETAIL (`purchase_order_detail_id`,`purchase_order_id`,`goods_id`,`quantity`,`create_time`,`repostory_id`,`status`,`supply_time`,`remark`) values (20,1,26,'100','2016-11-25 17:22:46.0',1,1,null,null);
Insert into PURCHASE_ORDER_DETAIL (`purchase_order_detail_id`,`purchase_order_id`,`goods_id`,`quantity`,`create_time`,`repostory_id`,`status`,`supply_time`,`remark`) values (21,1,27,'100','2016-11-25 17:22:46.0',1,1,null,null);
Insert into PURCHASE_ORDER_DETAIL (`purchase_order_detail_id`,`purchase_order_id`,`goods_id`,`quantity`,`create_time`,`repostory_id`,`status`,`supply_time`,`remark`) values (22,1,28,'100','2016-11-25 17:22:46.0',1,1,null,null);
Insert into PURCHASE_ORDER_DETAIL (`purchase_order_detail_id`,`purchase_order_id`,`goods_id`,`quantity`,`create_time`,`repostory_id`,`status`,`supply_time`,`remark`) values (23,1,29,'100','2016-11-25 17:22:46.0',1,1,null,null);
Insert into PURCHASE_ORDER_DETAIL (`purchase_order_detail_id`,`purchase_order_id`,`goods_id`,`quantity`,`create_time`,`repostory_id`,`status`,`supply_time`,`remark`) values (24,1,30,'100','2016-11-25 17:22:46.0',1,1,null,null);
Insert into PURCHASE_ORDER_DETAIL (`purchase_order_detail_id`,`purchase_order_id`,`goods_id`,`quantity`,`create_time`,`repostory_id`,`status`,`supply_time`,`remark`) values (25,1,31,'100','2016-11-25 17:22:46.0',1,1,null,null);
Insert into PURCHASE_ORDER_DETAIL (`purchase_order_detail_id`,`purchase_order_id`,`goods_id`,`quantity`,`create_time`,`repostory_id`,`status`,`supply_time`,`remark`) values (26,1,32,'100','2016-11-25 17:22:46.0',1,1,null,null);
Insert into PURCHASE_ORDER_DETAIL (`purchase_order_detail_id`,`purchase_order_id`,`goods_id`,`quantity`,`create_time`,`repostory_id`,`status`,`supply_time`,`remark`) values (27,1,33,'100','2016-11-25 17:22:46.0',1,1,null,null);
Insert into PURCHASE_ORDER_DETAIL (`purchase_order_detail_id`,`purchase_order_id`,`goods_id`,`quantity`,`create_time`,`repostory_id`,`status`,`supply_time`,`remark`) values (28,1,34,'100','2016-11-25 17:22:46.0',1,1,null,null);
Insert into PURCHASE_ORDER_DETAIL (`purchase_order_detail_id`,`purchase_order_id`,`goods_id`,`quantity`,`create_time`,`repostory_id`,`status`,`supply_time`,`remark`) values (29,1,35,'100','2016-11-25 17:22:46.0',1,1,null,null);
Insert into PURCHASE_ORDER_DETAIL (`purchase_order_detail_id`,`purchase_order_id`,`goods_id`,`quantity`,`create_time`,`repostory_id`,`status`,`supply_time`,`remark`) values (30,1,36,'100','2016-11-25 17:22:46.0',1,1,null,null);
Insert into PURCHASE_ORDER_DETAIL (`purchase_order_detail_id`,`purchase_order_id`,`goods_id`,`quantity`,`create_time`,`repostory_id`,`status`,`supply_time`,`remark`) values (31,1,37,'100','2016-11-25 17:22:46.0',1,1,null,null);
Insert into PURCHASE_ORDER_DETAIL (`purchase_order_detail_id`,`purchase_order_id`,`goods_id`,`quantity`,`create_time`,`repostory_id`,`status`,`supply_time`,`remark`) values (32,1,38,'100','2016-11-25 17:22:46.0',1,1,null,null);
Insert into PURCHASE_ORDER_DETAIL (`purchase_order_detail_id`,`purchase_order_id`,`goods_id`,`quantity`,`create_time`,`repostory_id`,`status`,`supply_time`,`remark`) values (33,1,39,'100','2016-11-25 17:22:47.0',1,1,null,null);
Insert into PURCHASE_ORDER_DETAIL (`purchase_order_detail_id`,`purchase_order_id`,`goods_id`,`quantity`,`create_time`,`repostory_id`,`status`,`supply_time`,`remark`) values (34,1,40,'100','2016-11-25 17:22:47.0',1,1,null,null);
Insert into PURCHASE_ORDER_DETAIL (`purchase_order_detail_id`,`purchase_order_id`,`goods_id`,`quantity`,`create_time`,`repostory_id`,`status`,`supply_time`,`remark`) values (35,1,41,'100','2016-11-25 17:22:47.0',1,1,null,null);
Insert into PURCHASE_ORDER_DETAIL (`purchase_order_detail_id`,`purchase_order_id`,`goods_id`,`quantity`,`create_time`,`repostory_id`,`status`,`supply_time`,`remark`) values (36,1,42,'100','2016-11-25 17:22:47.0',1,1,null,null);
Insert into PURCHASE_ORDER_DETAIL (`purchase_order_detail_id`,`purchase_order_id`,`goods_id`,`quantity`,`create_time`,`repostory_id`,`status`,`supply_time`,`remark`) values (37,1,43,'100','2016-11-25 17:22:47.0',1,1,null,null);
Insert into PURCHASE_ORDER_DETAIL (`purchase_order_detail_id`,`purchase_order_id`,`goods_id`,`quantity`,`create_time`,`repostory_id`,`status`,`supply_time`,`remark`) values (38,1,44,'100','2016-11-25 17:22:47.0',1,1,null,null);
Insert into PURCHASE_ORDER_DETAIL (`purchase_order_detail_id`,`purchase_order_id`,`goods_id`,`quantity`,`create_time`,`repostory_id`,`status`,`supply_time`,`remark`) values (39,1,45,'100','2016-11-25 17:22:47.0',1,1,null,null);
Insert into PURCHASE_ORDER_DETAIL (`purchase_order_detail_id`,`purchase_order_id`,`goods_id`,`quantity`,`create_time`,`repostory_id`,`status`,`supply_time`,`remark`) values (40,1,46,'100','2016-11-25 17:22:47.0',1,1,null,null);
Insert into PURCHASE_ORDER_DETAIL (`purchase_order_detail_id`,`purchase_order_id`,`goods_id`,`quantity`,`create_time`,`repostory_id`,`status`,`supply_time`,`remark`) values (41,1,47,'100','2016-11-25 17:22:47.0',1,1,null,null);
Insert into PURCHASE_ORDER_DETAIL (`purchase_order_detail_id`,`purchase_order_id`,`goods_id`,`quantity`,`create_time`,`repostory_id`,`status`,`supply_time`,`remark`) values (42,1,48,'100','2016-11-25 17:22:47.0',1,1,null,null);
Insert into PURCHASE_ORDER_DETAIL (`purchase_order_detail_id`,`purchase_order_id`,`goods_id`,`quantity`,`create_time`,`repostory_id`,`status`,`supply_time`,`remark`) values (43,1,49,'100','2016-11-25 17:22:47.0',1,1,null,null);
Insert into PURCHASE_ORDER_DETAIL (`purchase_order_detail_id`,`purchase_order_id`,`goods_id`,`quantity`,`create_time`,`repostory_id`,`status`,`supply_time`,`remark`) values (44,1,50,'100','2016-11-25 17:22:47.0',1,1,null,null);


--库存初始数据
Insert into GOODS_INVENTORY (`goods_inventory_id`,`goods_id`,`goods_batch_no`,`repostory_id`,`expired_time`,`quantity`,`selling_quantity`,`sold_quantity`,`create_time`,`remark`) values (1,7,20161125,1,'2016-12-02 17:22:54.0','100','100','0','2016-11-25 17:22:54.0',null);
Insert into GOODS_INVENTORY (`goods_inventory_id`,`goods_id`,`goods_batch_no`,`repostory_id`,`expired_time`,`quantity`,`selling_quantity`,`sold_quantity`,`create_time`,`remark`) values (2,8,20161125,1,'2016-12-02 17:22:56.0','100','100','0','2016-11-25 17:22:55.0',null);
Insert into GOODS_INVENTORY (`goods_inventory_id`,`goods_id`,`goods_batch_no`,`repostory_id`,`expired_time`,`quantity`,`selling_quantity`,`sold_quantity`,`create_time`,`remark`) values (3,50,20161125,1,'2016-12-02 17:22:57.0','100','100','0','2016-11-25 17:22:57.0',null);
Insert into GOODS_INVENTORY (`goods_inventory_id`,`goods_id`,`goods_batch_no`,`repostory_id`,`expired_time`,`quantity`,`selling_quantity`,`sold_quantity`,`create_time`,`remark`) values (4,49,20161125,1,'2016-12-02 17:22:58.0','100','100','0','2016-11-25 17:22:58.0',null);
Insert into GOODS_INVENTORY (`goods_inventory_id`,`goods_id`,`goods_batch_no`,`repostory_id`,`expired_time`,`quantity`,`selling_quantity`,`sold_quantity`,`create_time`,`remark`) values (5,48,20161125,1,'2016-12-02 17:22:59.0','100','100','0','2016-11-25 17:22:58.0',null);
Insert into GOODS_INVENTORY (`goods_inventory_id`,`goods_id`,`goods_batch_no`,`repostory_id`,`expired_time`,`quantity`,`selling_quantity`,`sold_quantity`,`create_time`,`remark`) values (6,47,20161125,1,'2016-12-02 17:23:00.0','100','100','0','2016-11-25 17:22:59.0',null);
Insert into GOODS_INVENTORY (`goods_inventory_id`,`goods_id`,`goods_batch_no`,`repostory_id`,`expired_time`,`quantity`,`selling_quantity`,`sold_quantity`,`create_time`,`remark`) values (7,46,20161125,1,'2016-12-02 17:23:00.0','100','100','0','2016-11-25 17:23:00.0',null);
Insert into GOODS_INVENTORY (`goods_inventory_id`,`goods_id`,`goods_batch_no`,`repostory_id`,`expired_time`,`quantity`,`selling_quantity`,`sold_quantity`,`create_time`,`remark`) values (8,45,20161125,1,'2016-12-02 17:23:01.0','100','100','0','2016-11-25 17:23:00.0',null);
Insert into GOODS_INVENTORY (`goods_inventory_id`,`goods_id`,`goods_batch_no`,`repostory_id`,`expired_time`,`quantity`,`selling_quantity`,`sold_quantity`,`create_time`,`remark`) values (9,44,20161125,1,'2016-12-02 17:23:01.0','100','100','0','2016-11-25 17:23:01.0',null);
Insert into GOODS_INVENTORY (`goods_inventory_id`,`goods_id`,`goods_batch_no`,`repostory_id`,`expired_time`,`quantity`,`selling_quantity`,`sold_quantity`,`create_time`,`remark`) values (10,43,20161125,1,'2016-12-02 17:23:02.0','100','100','0','2016-11-25 17:23:01.0',null);
Insert into GOODS_INVENTORY (`goods_inventory_id`,`goods_id`,`goods_batch_no`,`repostory_id`,`expired_time`,`quantity`,`selling_quantity`,`sold_quantity`,`create_time`,`remark`) values (11,42,20161125,1,'2016-12-02 17:23:03.0','100','100','0','2016-11-25 17:23:02.0',null);
Insert into GOODS_INVENTORY (`goods_inventory_id`,`goods_id`,`goods_batch_no`,`repostory_id`,`expired_time`,`quantity`,`selling_quantity`,`sold_quantity`,`create_time`,`remark`) values (12,41,20161125,1,'2016-12-02 17:23:03.0','100','100','0','2016-11-25 17:23:03.0',null);
Insert into GOODS_INVENTORY (`goods_inventory_id`,`goods_id`,`goods_batch_no`,`repostory_id`,`expired_time`,`quantity`,`selling_quantity`,`sold_quantity`,`create_time`,`remark`) values (13,40,20161125,1,'2016-12-02 17:23:04.0','100','100','0','2016-11-25 17:23:03.0',null);
Insert into GOODS_INVENTORY (`goods_inventory_id`,`goods_id`,`goods_batch_no`,`repostory_id`,`expired_time`,`quantity`,`selling_quantity`,`sold_quantity`,`create_time`,`remark`) values (14,39,20161125,1,'2016-12-02 17:23:04.0','100','100','0','2016-11-25 17:23:04.0',null);
Insert into GOODS_INVENTORY (`goods_inventory_id`,`goods_id`,`goods_batch_no`,`repostory_id`,`expired_time`,`quantity`,`selling_quantity`,`sold_quantity`,`create_time`,`remark`) values (15,38,20161125,1,'2016-12-02 17:23:05.0','100','100','0','2016-11-25 17:23:04.0',null);
Insert into GOODS_INVENTORY (`goods_inventory_id`,`goods_id`,`goods_batch_no`,`repostory_id`,`expired_time`,`quantity`,`selling_quantity`,`sold_quantity`,`create_time`,`remark`) values (16,37,20161125,1,'2016-12-02 17:23:06.0','100','100','0','2016-11-25 17:23:05.0',null);
Insert into GOODS_INVENTORY (`goods_inventory_id`,`goods_id`,`goods_batch_no`,`repostory_id`,`expired_time`,`quantity`,`selling_quantity`,`sold_quantity`,`create_time`,`remark`) values (17,36,20161125,1,'2016-12-02 17:23:06.0','100','100','0','2016-11-25 17:23:06.0',null);
Insert into GOODS_INVENTORY (`goods_inventory_id`,`goods_id`,`goods_batch_no`,`repostory_id`,`expired_time`,`quantity`,`selling_quantity`,`sold_quantity`,`create_time`,`remark`) values (18,35,20161125,1,'2016-12-02 17:23:07.0','100','100','0','2016-11-25 17:23:07.0',null);
Insert into GOODS_INVENTORY (`goods_inventory_id`,`goods_id`,`goods_batch_no`,`repostory_id`,`expired_time`,`quantity`,`selling_quantity`,`sold_quantity`,`create_time`,`remark`) values (19,34,20161125,1,'2016-12-02 17:23:08.0','100','100','0','2016-11-25 17:23:07.0',null);
Insert into GOODS_INVENTORY (`goods_inventory_id`,`goods_id`,`goods_batch_no`,`repostory_id`,`expired_time`,`quantity`,`selling_quantity`,`sold_quantity`,`create_time`,`remark`) values (20,33,20161125,1,'2016-12-02 17:23:08.0','100','100','0','2016-11-25 17:23:08.0',null);
Insert into GOODS_INVENTORY (`goods_inventory_id`,`goods_id`,`goods_batch_no`,`repostory_id`,`expired_time`,`quantity`,`selling_quantity`,`sold_quantity`,`create_time`,`remark`) values (21,32,20161125,1,'2016-12-02 17:23:09.0','100','100','0','2016-11-25 17:23:09.0',null);
Insert into GOODS_INVENTORY (`goods_inventory_id`,`goods_id`,`goods_batch_no`,`repostory_id`,`expired_time`,`quantity`,`selling_quantity`,`sold_quantity`,`create_time`,`remark`) values (22,31,20161125,1,'2016-12-02 17:23:10.0','100','100','0','2016-11-25 17:23:09.0',null);
Insert into GOODS_INVENTORY (`goods_inventory_id`,`goods_id`,`goods_batch_no`,`repostory_id`,`expired_time`,`quantity`,`selling_quantity`,`sold_quantity`,`create_time`,`remark`) values (23,30,20161125,1,'2016-12-02 17:23:10.0','100','100','0','2016-11-25 17:23:10.0',null);
Insert into GOODS_INVENTORY (`goods_inventory_id`,`goods_id`,`goods_batch_no`,`repostory_id`,`expired_time`,`quantity`,`selling_quantity`,`sold_quantity`,`create_time`,`remark`) values (24,29,20161125,1,'2016-12-02 17:23:11.0','100','100','0','2016-11-25 17:23:11.0',null);
Insert into GOODS_INVENTORY (`goods_inventory_id`,`goods_id`,`goods_batch_no`,`repostory_id`,`expired_time`,`quantity`,`selling_quantity`,`sold_quantity`,`create_time`,`remark`) values (25,28,20161125,1,'2016-12-02 17:23:12.0','100','100','0','2016-11-25 17:23:12.0',null);
Insert into GOODS_INVENTORY (`goods_inventory_id`,`goods_id`,`goods_batch_no`,`repostory_id`,`expired_time`,`quantity`,`selling_quantity`,`sold_quantity`,`create_time`,`remark`) values (26,27,20161125,1,'2016-12-02 17:23:13.0','100','100','0','2016-11-25 17:23:13.0',null);
Insert into GOODS_INVENTORY (`goods_inventory_id`,`goods_id`,`goods_batch_no`,`repostory_id`,`expired_time`,`quantity`,`selling_quantity`,`sold_quantity`,`create_time`,`remark`) values (27,26,20161125,1,'2016-12-02 17:23:14.0','100','100','0','2016-11-25 17:23:13.0',null);
Insert into GOODS_INVENTORY (`goods_inventory_id`,`goods_id`,`goods_batch_no`,`repostory_id`,`expired_time`,`quantity`,`selling_quantity`,`sold_quantity`,`create_time`,`remark`) values (28,25,20161125,1,'2016-12-02 17:23:14.0','100','100','0','2016-11-25 17:23:14.0',null);
Insert into GOODS_INVENTORY (`goods_inventory_id`,`goods_id`,`goods_batch_no`,`repostory_id`,`expired_time`,`quantity`,`selling_quantity`,`sold_quantity`,`create_time`,`remark`) values (29,24,20161125,1,'2016-12-02 17:23:15.0','100','100','0','2016-11-25 17:23:14.0',null);
Insert into GOODS_INVENTORY (`goods_inventory_id`,`goods_id`,`goods_batch_no`,`repostory_id`,`expired_time`,`quantity`,`selling_quantity`,`sold_quantity`,`create_time`,`remark`) values (30,23,20161125,1,'2016-12-02 17:23:15.0','100','100','0','2016-11-25 17:23:15.0',null);
Insert into GOODS_INVENTORY (`goods_inventory_id`,`goods_id`,`goods_batch_no`,`repostory_id`,`expired_time`,`quantity`,`selling_quantity`,`sold_quantity`,`create_time`,`remark`) values (31,22,20161125,1,'2016-12-02 17:23:16.0','100','100','0','2016-11-25 17:23:15.0',null);
Insert into GOODS_INVENTORY (`goods_inventory_id`,`goods_id`,`goods_batch_no`,`repostory_id`,`expired_time`,`quantity`,`selling_quantity`,`sold_quantity`,`create_time`,`remark`) values (32,21,20161125,1,'2016-12-02 17:23:16.0','100','100','0','2016-11-25 17:23:16.0',null);
Insert into GOODS_INVENTORY (`goods_inventory_id`,`goods_id`,`goods_batch_no`,`repostory_id`,`expired_time`,`quantity`,`selling_quantity`,`sold_quantity`,`create_time`,`remark`) values (33,20,20161125,1,'2016-12-02 17:23:17.0','100','100','0','2016-11-25 17:23:17.0',null);
Insert into GOODS_INVENTORY (`goods_inventory_id`,`goods_id`,`goods_batch_no`,`repostory_id`,`expired_time`,`quantity`,`selling_quantity`,`sold_quantity`,`create_time`,`remark`) values (34,19,20161125,1,'2016-12-02 17:23:18.0','100','100','0','2016-11-25 17:23:17.0',null);
Insert into GOODS_INVENTORY (`goods_inventory_id`,`goods_id`,`goods_batch_no`,`repostory_id`,`expired_time`,`quantity`,`selling_quantity`,`sold_quantity`,`create_time`,`remark`) values (35,18,20161125,1,'2016-12-02 17:23:18.0','100','100','0','2016-11-25 17:23:18.0',null);
Insert into GOODS_INVENTORY (`goods_inventory_id`,`goods_id`,`goods_batch_no`,`repostory_id`,`expired_time`,`quantity`,`selling_quantity`,`sold_quantity`,`create_time`,`remark`) values (36,17,20161125,1,'2016-12-02 17:23:19.0','100','100','0','2016-11-25 17:23:19.0',null);
Insert into GOODS_INVENTORY (`goods_inventory_id`,`goods_id`,`goods_batch_no`,`repostory_id`,`expired_time`,`quantity`,`selling_quantity`,`sold_quantity`,`create_time`,`remark`) values (37,16,20161125,1,'2016-12-02 17:23:20.0','100','100','0','2016-11-25 17:23:19.0',null);
Insert into GOODS_INVENTORY (`goods_inventory_id`,`goods_id`,`goods_batch_no`,`repostory_id`,`expired_time`,`quantity`,`selling_quantity`,`sold_quantity`,`create_time`,`remark`) values (38,15,20161125,1,'2016-12-02 17:23:21.0','100','100','0','2016-11-25 17:23:20.0',null);
Insert into GOODS_INVENTORY (`goods_inventory_id`,`goods_id`,`goods_batch_no`,`repostory_id`,`expired_time`,`quantity`,`selling_quantity`,`sold_quantity`,`create_time`,`remark`) values (39,14,20161125,1,'2016-12-02 17:23:21.0','100','100','0','2016-11-25 17:23:21.0',null);
Insert into GOODS_INVENTORY (`goods_inventory_id`,`goods_id`,`goods_batch_no`,`repostory_id`,`expired_time`,`quantity`,`selling_quantity`,`sold_quantity`,`create_time`,`remark`) values (40,13,20161125,1,'2016-12-02 17:23:22.0','100','100','0','2016-11-25 17:23:21.0',null);
Insert into GOODS_INVENTORY (`goods_inventory_id`,`goods_id`,`goods_batch_no`,`repostory_id`,`expired_time`,`quantity`,`selling_quantity`,`sold_quantity`,`create_time`,`remark`) values (41,12,20161125,1,'2016-12-02 17:23:23.0','100','100','0','2016-11-25 17:23:22.0',null);
Insert into GOODS_INVENTORY (`goods_inventory_id`,`goods_id`,`goods_batch_no`,`repostory_id`,`expired_time`,`quantity`,`selling_quantity`,`sold_quantity`,`create_time`,`remark`) values (42,11,20161125,1,'2016-12-02 17:23:23.0','100','100','0','2016-11-25 17:23:23.0',null);
Insert into GOODS_INVENTORY (`goods_inventory_id`,`goods_id`,`goods_batch_no`,`repostory_id`,`expired_time`,`quantity`,`selling_quantity`,`sold_quantity`,`create_time`,`remark`) values (43,10,20161125,1,'2016-12-02 17:23:24.0','100','100','0','2016-11-25 17:23:24.0',null);
Insert into GOODS_INVENTORY (`goods_inventory_id`,`goods_id`,`goods_batch_no`,`repostory_id`,`expired_time`,`quantity`,`selling_quantity`,`sold_quantity`,`create_time`,`remark`) values (44,9,20161125,1,'2016-12-02 17:23:25.0','100','100','0','2016-11-25 17:23:25.0',null);
